{"generation_number": 77, "brains": [{"biais": [[-2.627654606355911]], "poids": [[2.407028165298776, 2.9928081046944657, -5.250490839563323, 2.8841866157643126]]}]}