{"generation_number": 890, "brains": [{"biais": [[3.5145256633479116]], "poids": [[15.018792619660893, 26.895830374419173, 0.12161178877205003, -4.2763413729264155]]}]}