{"generation_number": 893, "brains": [{"biais": [[2.8532916654626863]], "poids": [[14.967752344713551, 26.764249163945593, 1.1773595622778903, -2.8110403499242347]]}]}