{"generation_number": 891, "brains": [{"biais": [[2.8532916654626863]], "poids": [[14.890642140280317, 27.11932326852988, 0.9860842152533127, -3.4893429032833367]]}]}