{"generation_number": 892, "brains": [{"biais": [[2.8532916654626863]], "poids": [[14.890642140280317, 27.26577013326915, 0.5808309665677198, -3.4333046681160786]]}]}