{"generation_number": 72, "brains": [{"biais": [[-3.119426023086966]], "poids": [[0.8313020743246986, 2.84109103709468, -4.706079509345319, 3.3990154519966063]]}]}